INSERT IGNORE INTO user (user_id, username, first_name, last_name, password, active, role)
VALUES (1, 'admin', 'Admin', 'Istrator',
        '$2y$10$vo7wLWYoIffjKmzSwrs3GuP9U.LxMCAuRwKPVOGkOt42y97JPxhci', TRUE, 'ADMIN'),
       (2, 'player1', 'Player', 'One',
        '$2y$10$vo7wLWYoIffjKmzSwrs3GuP9U.LxMCAuRwKPVOGkOt42y97JPxhci', TRUE, 'PLAYER'),
       (3, 'player2', 'Player', 'Two',
        '$2y$10$vo7wLWYoIffjKmzSwrs3GuP9U.LxMCAuRwKPVOGkOt42y97JPxhci', TRUE, 'PLAYER'),
       (4, 'player3', 'Player', 'Three',
        '$2y$10$vo7wLWYoIffjKmzSwrs3GuP9U.LxMCAuRwKPVOGkOt42y97JPxhci', TRUE, 'PLAYER'),
       (5, 'player4', 'Player', 'Four',
        '$2y$10$vo7wLWYoIffjKmzSwrs3GuP9U.LxMCAuRwKPVOGkOt42y97JPxhci', TRUE, 'PLAYER'),
       (6, 'gamemanager', 'Game', 'Manager',
        '$2y$10$vo7wLWYoIffjKmzSwrs3GuP9U.LxMCAuRwKPVOGkOt42y97JPxhci', TRUE, 'GAMEMANAGER');

INSERT IGNORE INTO topic (topic_id, name, active)
VALUES (1, 'SPORT', TRUE),
       (2, 'ANIMALS', TRUE),
       (3, 'COMPUTER SCIENCE', TRUE);

INSERT IGNORE INTO term (term_id, name, topic_id, active)
VALUES (1, 'MMA', 1, TRUE),
       (2, 'chess', 1, TRUE),
       (5, 'soccer', 1, TRUE),
       (6, 'basketball', 1, TRUE),
       (8, 'tennis', 1, TRUE),
       (9, 'baseball', 1, TRUE),
       (10, 'golf', 1, TRUE),
       (11, 'running', 1, TRUE),
       (12, 'volleyball', 1, TRUE),
       (13, 'badminton', 1, TRUE),
       (14, 'swimming', 1, TRUE),
       (15, 'boxing', 1, TRUE),
       (16, 'table tennis', 1, TRUE),
       (17, 'skiing', 1, TRUE),
       (18, 'ice skating', 1, TRUE),
       (19, 'roller skating', 1, TRUE),
       (20, 'cricket', 1, TRUE),
       (21, 'rugby', 1, TRUE),
       (22, 'pool', 1, TRUE),
       (23, 'darts', 1, TRUE),
       (24, 'football', 1, TRUE),
       (25, 'bowling', 1, TRUE),
       (26, 'ice hockey', 1, TRUE),
       (27, 'surfing', 1, TRUE),
       (28, 'karate', 1, TRUE),
       (29, 'horse racing', 1, TRUE),
       (30, 'snowboarding', 1, TRUE),
       (31, 'skateboarding', 1, TRUE),
       (32, 'cycling', 1, TRUE),
       (33, 'archery', 1, TRUE),
       (34, 'fishing', 1, TRUE),
       (35, 'gymnastics', 1, TRUE),
       (36, 'figure skating', 1, TRUE),
       (37, 'rock climbing', 1, TRUE),
       (38, 'web development', 3, TRUE),
       (39, 'spring framework', 3, TRUE),
       (40, 'REST', 3, TRUE),
       (41, 'json marshalling', 3, TRUE),
       (42, 'map reduce', 3, TRUE),
       (43, 'observer pattern', 3, TRUE),
       (44, 'database', 3, TRUE),
       (45, 'operating system', 3, TRUE),
       (46, 'deadlock', 3, TRUE),
       (47, 'concurrency', 3, TRUE),
       (48, 'race condition', 3, TRUE),
       (49, 'mysql', 3, TRUE),
       (50, 'python', 3, TRUE),
       (51, 'SQL', 3, TRUE),
       (52, 'blockchain', 3, TRUE),
       (53, 'docker', 3, TRUE),
       (54, 'GIT', 3, TRUE),
       (55, 'maven', 3, TRUE),
       (56, 'kotlin', 3, TRUE),
       (57, 'hoare logic', 3, TRUE),
       (58, 'dijkstra algorithm', 3, TRUE),
       (59, 'syntactic sugar', 3, TRUE),
       (60, 'garbage collection', 3, TRUE),
       (61, 'java', 3, TRUE),
       (62, 'OpenMP', 3, TRUE),
       (63, 'inheritance', 3, TRUE),
       (64, 'Raspberry Pi', 3, TRUE),
       (65, 'bgp', 3, TRUE),
       (66, 'derivative', 3, TRUE),
       (67, 'stack', 3, TRUE),
       (68, 'curry - uncurry', 3, TRUE),
       (69, 'penguin', 2, TRUE),
       (70, 'panda', 2, TRUE),
       (71, 'alligator', 2, TRUE),
       (72, 'turkey', 2, TRUE),
       (73, 'snake', 2, TRUE),
       (74, 'monkey', 2, TRUE),
       (75, 'tiger', 2, TRUE),
       (76, 'giraffe', 2, TRUE),
       (77, 'unicorn', 2, TRUE),
       (78, 'deer', 2, TRUE),
       (79, 'bear', 2, TRUE),
       (80, 'fox', 2, TRUE),
       (81, 'elephant', 2, TRUE),
       (82, 'lion', 2, TRUE),
       (83, 'porcupine', 2, TRUE),
       (84, 'wolf', 2, TRUE),
       (85, 'hedgehog', 2, TRUE),
       (86, 'eel', 2, TRUE),
       (87, 'mouse', 2, TRUE),
       (88, 'starfish', 2, TRUE),
       (89, 'lobster', 2, TRUE),
       (90, 'sloth', 2, TRUE),
       (91, 'salmon', 2, TRUE),
       (92, 'wombat', 2, TRUE),
       (93, 'jellyfish', 2, TRUE),
       (94, 'turtle', 2, TRUE),
       (95, 'dog', 2, TRUE),
       (96, 'horse', 2, TRUE),
       (97, 'rabbit', 2, TRUE),
       (98, 'octopus', 2, TRUE),
       (99, 'koala', 2, TRUE),
       (100, 'whale', 2, TRUE),
       (101, 'platypus', 2, TRUE);


INSERT IGNORE INTO game (game_id, topic_id, max_points)
VALUES (0, 2, 'TEN'),
       (1, 1, 'TEN'),
       (2, 1, 'TEN');

INSERT IGNORE INTO team (team_id, color, game_id)
VALUES (1, 'BLUE', 1),
       (2, 'RED', 1),
       (3, 'ORANGE', 0),
       (4, 'GREEN', 0),
       (5, 'BLUE', 2),
       (6, 'RED', 2);

INSERT IGNORE INTO team_user (user_id, team_id)
VALUES (1, 1),
       (2, 1),
       (3, 2),
       (4, 2),
       (3, 3),
       (2, 3),
       (1, 4),
       (4, 4),
       (1, 5),
       (3, 5),
       (2, 6),
       (4, 6);

INSERT IGNORE INTO game_round (game_round_id, result, user_id, term_id, activity, time,
                               round_points,
                               game_id, guess_start, guess_end)
VALUES ('1_1', 'WIN', 1, 1, 'DRAW', 'ONE', 'THREE', 1, '2021-05-12 01:05:03.123456789',
        '2021-05-12 01:05:30.123456789'),
       ('1_2', 'WIN', 4, 5, 'RHYME', 'TWO', 'THREE', 1, '2021-05-12 01:06:12.123456789',
        '2021-05-12 01:06:43.123456789'),
       ('1_3', 'WIN', 2, 2, 'SPEAK', 'ONE', 'THREE', 1, '2021-05-12 01:08:03.123456789',
        '2021-05-12 01:08:50.123456789'),
       ('1_4', 'WIN', 3, 12, 'DRAW', 'THREE', 'THREE', 1, '2021-05-12 01:10:01.123456789',
        '2021-05-12 01:10:24.123456789'),
       ('1_5', 'TIMEOUT', 1, 9, 'PANTOMIME', 'ONE', 'TWO', 1, '2021-05-12 01:10:54.123456789',
        '2021-05-12 01:11:54.123456789'),
       ('1_6', 'WIN', 4, 15, 'SPEAK', 'THREE', 'THREE', 1, '2021-05-12 01:12:32.123456789',
        '2021-05-12 01:12:53.123456789'),
       ('1_7', 'WIN', 2, 14, 'SPEAK', 'TWO', 'THREE', 1, '2021-05-12 01:13:32.123456789',
        '2021-05-12 01:14:42.123456789'),
       ('1_8', 'WIN', 3, 17, 'DRAW', 'THREE', 'THREE', 1, '2021-05-12 01:14:32.123456789',
        '2021-05-12 01:14:53.123456789'),
       ('0_1', 'WIN', 1, 70, 'DRAW', 'ONE', 'THREE', 0, '2021-05-14 01:05:03.123456789',
        '2021-05-14 01:05:30.123456789'),
       ('0_2', 'WIN', 4, 90, 'RHYME', 'TWO', 'THREE', 0, '2021-05-14 01:06:12.123456789',
        '2021-05-14 01:06:43.123456789'),
       ('0_3', 'WIN', 2, 78, 'SPEAK', 'ONE', 'THREE', 0, '2021-05-14 01:08:03.123456789',
        '2021-05-14 01:08:50.123456789'),
       ('0_4', 'WIN', 3, 84, 'DRAW', 'THREE', 'THREE', 0, '2021-05-14 01:10:01.123456789',
        '2021-05-14 01:10:24.123456789'),
       ('0_5', 'TIMEOUT', 1, 82, 'PANTOMIME', 'ONE', 'TWO', 0, '2021-05-14 01:10:54.123456789',
        '2021-05-14 01:11:54.123456789'),
       ('0_6', 'WIN', 4, 76, 'SPEAK', 'THREE', 'THREE', 0, '2021-05-14 01:12:32.123456789',
        '2021-05-14 01:12:53.123456789'),
       ('0_7', 'WIN', 2, 92, 'SPEAK', 'TWO', 'THREE', 0, '2021-05-14 01:13:32.123456789',
        '2021-05-14 01:14:42.123456789'),
       ('0_8', 'TIMEOUT', 3, 71, 'DRAW', 'THREE', 'THREE', 0, '2021-05-14 01:14:32.123456789',
        '2021-05-14 01:14:53.123456789'),
       ('0_9', 'WIN', 1, 74, 'DRAW', 'THREE', 'THREE', 0, '2021-05-14 01:15:32.123456789',
        '2021-05-14 01:15:53.123456789'),
       ('2_1', 'WIN', 1, 23, 'DRAW', 'ONE', 'THREE', 2, '2021-05-17 01:05:03.123456789',
        '2021-05-17 01:05:30.123456789'),
       ('2_2', 'WIN', 4, 16, 'RHYME', 'TWO', 'THREE', 2, '2021-05-17 01:06:12.123456789',
        '2021-05-17 01:06:43.123456789'),
       ('2_3', 'WIN', 2, 36, 'SPEAK', 'ONE', 'THREE', 2, '2021-05-17 01:08:03.123456789',
        '2021-05-17 01:08:50.123456789'),
       ('2_4', 'WIN', 3, 8, 'DRAW', 'THREE', 'THREE', 2, '2021-05-17 01:10:01.123456789',
        '2021-05-17 01:10:24.123456789'),
       ('2_5', 'TIMEOUT', 1, 9, 'PANTOMIME', 'ONE', 'TWO', 2, '2021-05-17 01:10:54.123456789',
        '2021-05-17 01:11:54.123456789'),
       ('2_6', 'WIN', 4, 14, 'SPEAK', 'THREE', 'THREE', 2, '2021-05-17 01:12:32.123456789',
        '2021-05-17 01:12:53.123456789'),
       ('2_7', 'WIN', 2, 25, 'SPEAK', 'TWO', 'THREE', 2, '2021-05-17 01:13:32.123456789',
        '2021-05-17 01:14:42.123456789'),
       ('2_8', 'RULE_VIOLATION', 3, 5, 'DRAW', 'THREE', 'THREE', 2, '2021-05-17 01:14:32.123456789',
        '2021-05-17 01:14:53.123456789'),
       ('2_9', 'WIN', 1, 11, 'DRAW', 'THREE', 'THREE', 2, '2021-05-17 01:15:32.123456789',
        '2021-05-17 01:15:53.123456789');
